60,pod-05-8f5668c6f,ppgcc-m05,ppgcc-m04
60,pod-09-667477cb8f,ppgcc-m03,ppgcc-m02
60,pod-14-748d744b89,ppgcc-m03,ppgcc-m02
120,pod-10-7bd5c6d47c,ppgcc-m05,ppgcc-m04
120,pod-12-547dfb86c7,ppgcc-m02,ppgcc-m03
180,pod-12-547dfb86c7,ppgcc-m03,ppgcc-m05
240,pod-17-7955755d7f,ppgcc-m03,ppgcc-m02
300,pod-17-7955755d7f,ppgcc-m02,ppgcc-m05
420,pod-08-6c745c4f79,ppgcc-m04,ppgcc-m02
420,pod-12-547dfb86c7,ppgcc-m05,ppgcc-m03
540,pod-09-667477cb8f,ppgcc-m02,ppgcc-m03
600,pod-12-547dfb86c7,ppgcc-m03,ppgcc-m02
