60,pod-10-86777b7bf5,ppgcc-m05,ppgcc-m04
120,pod-15-546b745c9d,ppgcc-m05,ppgcc-m02
180,pod-14-6b8654999f,ppgcc-m03,ppgcc-m04
240,pod-17-77d498555b,ppgcc-m03,ppgcc-m02
300,pod-14-6b8654999f,ppgcc-m04,ppgcc-m05
360,pod-11-79cf485c8b,ppgcc-m04,ppgcc-m05
360,pod-12-575b584d85,ppgcc-m02,ppgcc-m03
480,pod-11-79cf485c8b,ppgcc-m05,ppgcc-m04
480,pod-22-76889c4c4d,ppgcc-m03,ppgcc-m02
480,pod-26-7bf464d5d8,ppgcc-m03,ppgcc-m04
540,pod-14-6b8654999f,ppgcc-m05,ppgcc-m04
600,pod-14-6b8654999f,ppgcc-m04,ppgcc-m02
