60,pod-24-566cc4c7c4,ppgcc-m04,ppgcc-m05
120,pod-23-7d5db66f69,ppgcc-m02,ppgcc-m03
180,pod-27-65f5654557,ppgcc-m02,ppgcc-m04
240,pod-22-76889c4c4d,ppgcc-m03,ppgcc-m02
240,pod-24-566cc4c7c4,ppgcc-m05,ppgcc-m04
300,pod-24-566cc4c7c4,ppgcc-m04,ppgcc-m05
300,pod-34-699f54c4bf,ppgcc-m03,ppgcc-m02
360,pod-36-5b4777fc87,ppgcc-m04,ppgcc-m02
420,pod-35-6b7dd49cb8,ppgcc-m05,ppgcc-m03
480,pod-34-699f54c4bf,ppgcc-m02,ppgcc-m03
540,pod-22-76889c4c4d,ppgcc-m02,ppgcc-m04
600,pod-34-699f54c4bf,ppgcc-m03,ppgcc-m05
